
#18.2.3.COLUMNS分区
##18.2.3.1.RANGE COLUMNS分区
##18.2.3.1.LIST COLUMNS分区

接下来的两个小节讨论 COLUMNS**分区**,它们分别是RANGE和LIST分区变体。COLUMNS分区的分区键列支持使用多个列。对行存储在哪个分区和在分区修剪过程中哪个分区匹配查找的行，都要考虑所有那些分区列。　　　　

此外,RANGE COLUMNS分区和 LIST COLUMNS 分区对定义范围值和列表组员支持使用非整数列的值。允许的数据类型如下所示:

- 所有整数类型:[TINYINT][11.02.01], [SMALLINT][11.02.01], [MEDIUMINT][11.02.01], [INT][11.02.01] ([INTEGER][11.02.01])，和[BIGINT][11.02.01]。(这与RANGE 和LIST分区是相同的)。
  
    其他数值数据类型(例如 [DECIMAL][11.02.02] 或 [FLOAT][11.02.03])COLUMNS分区也不支持。

- [DATE][11.03.01] 和 [DATETIME][11.03.01]。
  
    COLUMNS分区也不支持使用其他与日期或时间有关数据类型的列。

- 接下来的字符串类型:[CHAR][11.04.01],[VARCHAR][11.04.01], [BINARY][11.04.02],和[VARBINARY][11.04.02]。
 
    不支持[TEXT][11.04.03]和[BLOB][11.04.03]作为分区列。

接下来的两个部分 RANGE COLUMNS 和 LIST COLUMNS 分区，假设您已经熟悉MySQL 5.1和以后版本支持基于范围和列表分区,有关更多的信息分别见 [Section 18.2.1, “RANGE Partitioning”](./18.02.01_RANGE_Partitioning.md),和 [Section 18.2.2, “LIST Partitioning”](./18.02.02_LIST_Partitioning.md)。

##18.2.3.1.RANGE COLUMNS partitioning

Range columns分区类似于RANGE分区,但允许您定义分区基于多个列值范围。另外,你可以使用非整型的其他类型列定义分区。

RANGE COLUMNS分区不同于RANGE分区在以下方面:

- RANGE COLUMNS 不接受表达式,只有列名。
- RANGE COLUMNS 接受一个或多个列组合。

    RANGE COLUMN分区是基于元组(列值的组合)之间的比较而不是标量值之间的比较。 行在RANGE COLUMNS分区的位置也是基于元组之间的比较,这在本节的后面会进一步讨论。
- RANGE COLUMNS 分区列不限于整数列;字符串， [DATE][11.03.01]和[DATETIME][11.03.01]列也可以被用作分区列。(详细信息见 [Section 18.2.3, “COLUMNS Partitioning”](./18.02.03_COLUMNS_Partitioning.md))。

创建一个RANGE COLUMNS分区表的基本语法如下所示:

    CREATE TABLE table_name
    PARTITIONED BY RANGE COLUMNS(column_list) (
    PARTITION partition_name VALUES LESS THAN (value_list)[,
    PARTITION partition_name VALUES LESS THAN (value_list)][,
    ...]
    ) 

    column_list:
    column_name[, column_name][, ...]

    value_list:
    value[, value][, ...]

>注意
>创建分区表时并不是所有的[CREATE TABLE][13.01.17] 选项可以使用。详细信息见 [Section 13.1.17, “CREATE TABLE Syntax”][13.01.17]。

语法中, column_list 是一个或多个列组合(有时被称为**分区列列表**),和value_list是一组值(也就是说,它是**分区定义值的列表**)。每个分区定义必须提供value_list,并且每个 value_lis的值数量必须和column_list的列的数量相同。一般来说,如果你在COLUMNS条款使用N列,那么VALUES LESS THAN 子句也必须提供N个值的列表。

分区列表中的元素和每个分区定义的值列表必须以相同的顺序。此外,值列表的每个元素的数据类型必须和列列表的相应元素的数据类型一致。然而,分区列在列表的顺序和值在列表的顺序与[CREATE table][13.01.17]语句中列顺序不一定是相同的。与 RANGE分区一样,您可以使用MAXVALUE代表一个值,这样任何被插入该列的合法值都小于这个值。下面是一个[CREATE TABLE][13.01.17]语句示例,有助于阐明所有这些要点:

    mysql> CREATE TABLE rcx (
    ->     a INT,
    ->     b INT,
    ->     c CHAR(3),
    ->     d INT
    -> )
    -> PARTITION BY RANGE COLUMNS(a,d,c) (
    ->     PARTITION p0 VALUES LESS THAN (5,10,'ggg'),
    ->     PARTITION p1 VALUES LESS THAN (10,20,'mmmm'),
    ->     PARTITION p2 VALUES LESS THAN (15,30,'sss'),
    ->     PARTITION p3 VALUES LESS THAN (MAXVALUE,MAXVALUE,MAXVALUE)
    -> );
    Query OK, 0 rows affected (0.15 sec)

rcx表包含列a,b,c,d。分区列列表提供给COLUMNS子句使用3列,顺序是a,d、c。用来定义一个分区每个值列表包含3个值，并且顺序是一致的;也就是说,每个值列表的元组形式(INT,INT、CHAR(3)),它对应于a,d和c使用的数据类型(按此顺序)。

行插入到分区的位置通过行中元组比较决定的。因为我们比较是元组(即值的列表或组合)而非标量值。RANGE COLUMNS分区中的VALUES LESS THAN的语义不同于RANGE分区中的意义。RANGE分区，行产生表达式的值等于 VALUES LESS THAN 的限制值从不会插入该对应的分区中，然而，使用RANGE COLUMNS分区， 有些时候分区列列表中第一个元素等于VALUES LESS THAN的值列表第一个元素的行可能被放置到相应的分区。

RANGE分区表如下:

    CREATE TABLE r1 (
    a INT,
    b INT
    )
    PARTITION BY RANGE (a)  (
    PARTITION p0 VALUES LESS THAN (5),
    PARTITION p1 VALUES LESS THAN (MAXVALUE)
    );

如果我们在这个表中插入3行,每一行a列值都是5,所有3行存储在p1分区,因为a列值在每种情况下不小于5,我们通过对 [INFORMATION_SCHEMA.PARTITIONS][20.14.0]执行适当的查询可以看到:

    mysql> INSERT INTO r1 VALUES (5,10), (5,11), (5,12);
    Query OK, 3 rows affected (0.00 sec)
    Records: 3  Duplicates: 0  Warnings: 0

    mysql> SELECT PARTITION_NAME,TABLE_ROWS
    ->     FROM INFORMATION_SCHEMA.PARTITIONS
    ->     WHERE TABLE_NAME = 'r1';
    +----------------+------------+
    | PARTITION_NAME | TABLE_ROWS |
    +----------------+------------+
    | p0             |          0 |
    | p1             |          3 |
    +----------------+------------+
    2 rows in set (0.00 sec)

现在考虑一个类似rc1的表, 使用a,b 两列进行RANGE COLUMNS分区,如下所示:

    CREATE TABLE rc1 (
    a INT, 
    b INT
    ) 
    PARTITION BY RANGE COLUMNS(a, b) (
    PARTITION p0 VALUES LESS THAN (5, 12),
    PARTITION p3 VALUES LESS THAN (MAXVALUE, MAXVALUE)
    );

如果我们把与r1表相同的行插入rc1,行分布的是截然不同的:

    mysql> INSERT INTO rc1 VALUES (5,10), (5,11), (5,12);
    Query OK, 3 rows affected (0.00 sec)
    Records: 3  Duplicates: 0  Warnings: 0

    mysql> SELECT PARTITION_NAME,TABLE_ROWS
    ->     FROM INFORMATION_SCHEMA.PARTITIONS
    ->     WHERE TABLE_NAME = 'rc1';
    +--------------+----------------+------------+
    | TABLE_SCHEMA | PARTITION_NAME | TABLE_ROWS |
    +--------------+----------------+------------+
    | p            | p0             |          2 |
    | p            | p1             |          1 |
    +--------------+----------------+------------+
    2 rows in set (0.00 sec)

这是因为我们比较行而非标量值。我们可以把插入的行值与p0中VALUES THAN LESS THAN子句限制行值进行比较,像这样:

    
     mysql> SELECT (5,10) < (5,12), (5,11) < (5,12), (5,12) < (5,12);
     +-----------------+-----------------+-----------------+
     | (5,10) < (5,12) | (5,11) < (5,12) | (5,12) < (5,12) |
     +-----------------+-----------------+-----------------+
     |               1 |               1 |               0 |
     +-----------------+-----------------+-----------------+
     1 row in set (0.00 sec)

(5 ， 10)和(5，11)2元组小于(5、12),所以他们都存储在p0分区。因为5是不少于5和12不小于12,(5、12)被认为是不少于(5、12),存储在p1分区。　　　　

在前面的例子[SELECT][13.02.09]语句也可以显式写行的构造函数,如下:

    SELECT ROW(5,10) < ROW(5,12), ROW(5,11) < ROW(5,12), ROW(5,12) < ROW(5,12);

关于MySQL行的构造函数使用的更多信息, 见[Section 13.2.10.5, “Row Subqueries”][13.02.10]。　　　　

对于一个 RANGE COLUMNS分区表仅使用单一分区列,那么存储行与RANGE分区的行存储是一致的。下面的 CREATE TABLE 语句创建一个使用一列的RANGE COLUMNS 分区表:

    CREATE TABLE rx (
    a INT,
    b INT
    )
    PARTITION BY RANGE COLUMNS (a)  (
    PARTITION p0 VALUES LESS THAN (5),
    PARTITION p1 VALUES LESS THAN (MAXVALUE)
    ); 

如果我们插入行(5 , 10),(5,11),和(5,12)到这个表中,我们可以看到它们存储的位置和前面我们创建表r的位置是一致的:

    mysql> INSERT INTO rx VALUES (5,10), (5,11), (5,12);
    Query OK, 3 rows affected (0.00 sec)
    Records: 3  Duplicates: 0  Warnings: 0

    mysql> SELECT PARTITION_NAME,TABLE_ROWS
    ->     FROM INFORMATION_SCHEMA.PARTITIONS
    ->     WHERE TABLE_NAME = 'rx';
    +--------------+----------------+------------+
    | TABLE_SCHEMA | PARTITION_NAME | TABLE_ROWS |
    +--------------+----------------+------------+
    | p            | p0             |          0 |
    | p            | p1             |          3 |
    +--------------+----------------+------------+
    2 rows in set (0.00 sec)

也可以创建这样的RANGE COLUMNS分区表，在逐次分区定义中允许一列或多列值重复。只要用于定义分区列值的元组是严格递增的。例如,下面的每一个[CREATE TABLE][13.01.17]是有效的:

    CREATE TABLE rc2 (
    a INT,
    b INT
    )
    PARTITION BY RANGE COLUMNS(a,b) (
    PARTITION p0 VALUES LESS THAN (0,10),
    PARTITION p1 VALUES LESS THAN (10,20),
    PARTITION p2 VALUES LESS THAN (10,30),
    PARTITION p3 VALUES LESS THAN (MAXVALUE,MAXVALUE)
    );
 
    CREATE TABLE rc3 (
    a INT,
    b INT
    )
    PARTITION BY RANGE COLUMNS(a,b) (
    PARTITION p0 VALUES LESS THAN (0,10),
    PARTITION p1 VALUES LESS THAN (10,20),
    PARTITION p2 VALUES LESS THAN (10,30),
    PARTITION p3 VALUES LESS THAN (10,35),
    PARTITION p4 VALUES LESS THAN (20,40),
    PARTITION p5 VALUES LESS THAN (MAXVALUE,MAXVALUE)
    );

下面的语句也是有效的,尽管这乍一看,它可能不会出现,因为p0分区b列限制值是25和p1分区的b列值为20,和p1分区c列限制值是100和p2分区限制值50:

    CREATE TABLE rc4 (
    a INT,
    b INT,
    c INT
    )
    PARTITION BY RANGE COLUMNS(a,b,c) (
    PARTITION p0 VALUES LESS THAN (0,25,50),
    PARTITION p1 VALUES LESS THAN (10,20,100),
    PARTITION p2 VALUES LESS THAN (10,30,50)
    PARTITION p3 VALUES LESS THAN (MAXVALUE,MAXVALUE,MAXVALUE) 
    );

设计RANGE COLUMNS分区表,你总是可以通过mysql客户端比较所需的元组来测试逐次分区定义,如下:

    mysql> SELECT (0,25,50) < (10,20,100), (10,20,100) < (10,30,50);
    +-------------------------+--------------------------+
    | (0,25,50) < (10,20,100) | (10,20,100) < (10,30,50) |
    +-------------------------+--------------------------+
    |                       1 |                        1 |
    +-------------------------+--------------------------+
    1 row in set (0.00 sec)

如果 [CREATE TABLE][13.01.17]语句包含分区定义,不是以严格递增的顺序,它将已一个错误而失败,如本例中所示:

     mysql> CREATE TABLE rcf (
    ->     a INT,
    ->     b INT,
    ->     c INT
    -> )
    -> PARTITION BY RANGE COLUMNS(a,b,c) (
    ->     PARTITION p0 VALUES LESS THAN (0,25,50),
    ->     PARTITION p1 VALUES LESS THAN (20,20,100),
    ->     PARTITION p2 VALUES LESS THAN (10,30,50),
    ->     PARTITION p3 VALUES LESS THAN (MAXVALUE,MAXVALUE,MAXVALUE)
    ->  );
    ERROR 1493 (HY000): VALUES LESS THAN value must be strictly increasing for each partition

当你得到这样一个错误,你就可以通过比较 “less than”列表推断出哪个分区定义是无效的。在这个事例中,问题是p2分区，因为用于p2分区定义元组不小于用于定义p3分区的元组,如下所示:

    mysql> SELECT (0,25,50) < (20,20,100), (20,20,100) < (10,30,50);
    +-------------------------+--------------------------+
    | (0,25,50) < (20,20,100) | (20,20,100) < (10,30,50) |
    +-------------------------+--------------------------+
    |                       1 |                        0 |
    +-------------------------+--------------------------+
    1 row in set (0.00 sec)

当使用RANGE COLUMNS，也可能在同一列多个VALUES LESS THAN出现MAXVALUE。然而,其他单个列值在连续的分区定义应该是递增的,但不能应该有一个以上的分区,所有列都使用MAXVALUE做列的上限,这个分区定义应该出现在PARTITION ... VALUES LESS THAN子句中列表最后一个位置。此外,在超过一个分区定义中，第一列您不能使用MAXVALUE作为极限值的。　　　　

如前所述,RANGE COLUMNS分区也可能使用非整数列作为分区列。(这个完整列表见[Section 18.2.3, “COLUMNS Partitioning”](./18.02.03_COLUMNS_Partitioning.md)。)考虑一个员工表(没有分区),使用如下语句创建:

    CREATE TABLE employees (
    id INT NOT NULL,
    fname VARCHAR(30),
    lname VARCHAR(30),
    hired DATE NOT NULL DEFAULT '1970-01-01',
    separated DATE NOT NULL DEFAULT '9999-12-31',
    job_code INT NOT NULL,
    store_id INT NOT NULL
    );

使用 RANGE COLUMNS分区,您可以创建这个表一个版本,将每一行存储在基于员工的lastname列的四个分区一个分区中,就像这样:

    CREATE TABLE employees_by_lname (
    id INT NOT NULL,
    fname VARCHAR(30),
    lname VARCHAR(30),
    hired DATE NOT NULL DEFAULT '1970-01-01',
    separated DATE NOT NULL DEFAULT '9999-12-31',
    job_code INT NOT NULL,
    store_id INT NOT NULL
    )
    PARTITION BY RANGE COLUMNS (lname)  (
    PARTITION p0 VALUES LESS THAN ('g'),
    PARTITION p1 VALUES LESS THAN ('m'),
    PARTITION p2 VALUES LESS THAN ('t'),
    PARTITION p3 VALUES LESS THAN (MAXVALUE)
    );

或者,您可能使用先前创建employees 表，通过执行下面 [ALTER TABLE][13.01.07]语句创建分区表:

    ALTER TABLE employees PARTITION BY RANGE COLUMNS (lname)  (
    PARTITION p0 VALUES LESS THAN ('g'),
    PARTITION p1 VALUES LESS THAN ('m'),
    PARTITION p2 VALUES LESS THAN ('t'),
    PARTITION p3 VALUES LESS THAN (MAXVALUE)
    );

>注意

>因为不同的字符集和排序规则有不同的排序顺序,字符集和排序规则可能影响使用字符串作为分区列的RANGE COLUMNS分区。此外,对创建后的数据库、表或列指定的字符集或校对规则进行修改可能引起行是如何分布的变化。例如,当使用一个大小写敏感排序规则, 'and'会排序在'Andersen'之前,但当使用排序,是不分大小写,情况则相反。　　　　

>有关MySQL如何处理字符集和校对规则的信息,见[Section 10.1, “Character Set Support”][10.01.00]。

类似地,您可以对employees表基于员工被雇佣的日期进行分区,使用[ALTER table][13.01.07]语句所示:

    ALTER TABLE employees PARTITION BY RANGE COLUMNS (hired)  (
    PARTITION p0 VALUES LESS THAN ('1970-01-01'),
    PARTITION p1 VALUES LESS THAN ('1980-01-01'),
    PARTITION p2 VALUES LESS THAN ('1990-01-01'),
    PARTITION p3 VALUES LESS THAN ('2000-01-01'),
    PARTITION p4 VALUES LESS THAN ('2010-01-01'),
    PARTITION p5 VALUES LESS THAN (MAXVALUE)
    );

有关PARTITION BY RANGE COLUMNS分区语法更多信息见[Section 13.1.17, “CREATE TABLE Syntax”][13.01.17]。

##18.2.3.2.LIST COLUMNS分区

MySQL 5.6提供了LIST COLUMNS分区。这是 LIST分区一个变体,允许使用多个列作为分区键,和作为分区列的数据类型除了整数类型之外;您可以使用字符串类型, [DATE][11.03.01], 和 [DATETIME][11.03.01]列。(有关COLUMNS分区的列允许数据类型,见 [Section 18.2.3, “COLUMNS Partitioning”](./18.02.03_COLUMNS_Partitioning.md)。) 　　　　

假设您有一个业务,12个城市的客户,为销售和市场营销的目的,你整理成4地区，每个3城市见下表:


      Region	Cities
       1	Oskarshamn, Högsby, Mönsterås
       2	Vimmerby, Hultsfred, Västervik
       3	Nässjö, Eksjö, Vetlanda
       4	Uppvidinge, Alvesta, Växjo

使用LIST COLUMNS分区,您可以创建一个客户数据表,分成四个区域，基于客户注册城市的名称,如下所示:


    CREATE TABLE customers_1 (
    first_name VARCHAR(25),
    last_name VARCHAR(25),
    street_1 VARCHAR(30),
    street_2 VARCHAR(30),
    city VARCHAR(15),
    renewal DATE
    )
    PARTITION BY LIST COLUMNS(city) (
    PARTITION pRegion_1 VALUES IN('Oskarshamn', 'Högsby', 'Mönsterås'),
    PARTITION pRegion_2 VALUES IN('Vimmerby', 'Hultsfred', 'Västervik'),
    PARTITION pRegion_3 VALUES IN('Nässjö', 'Eksjö', 'Vetlanda'),
    PARTITION pRegion_4 VALUES IN('Uppvidinge', 'Alvesta', 'Växjo')
    );

与RANGE COLUMNS分区一样,您 在COLUMNS()子句中不能使用表达式使得列的值转化整数。(事实上,使用表达式而不用列名是COLUMNS()不允许的)。　　　　

也可以使用[DATE][11.03.01] 和[DATETIME][11.03.01]列,如下例所示,使用先前所显示customers_1表相同的名称和列,但是LIST COLUMNS 分区基于renewal列来创建4个分区，根据2010年2月客户的账户计划更新的星期:

    CREATE TABLE customers_2 (
    first_name VARCHAR(25),
    last_name VARCHAR(25),
    street_1 VARCHAR(30),
    street_2 VARCHAR(30),
    city VARCHAR(15),
    renewal DATE
    )
    PARTITION BY LIST COLUMNS(renewal) (
    PARTITION pWeek_1 VALUES IN('2010-02-01', '2010-02-02', '2010-02-03',
        '2010-02-04', '2010-02-05', '2010-02-06', '2010-02-07'),
    PARTITION pWeek_2 VALUES IN('2010-02-08', '2010-02-09', '2010-02-10',
        '2010-02-11', '2010-02-12', '2010-02-13', '2010-02-14'),
    PARTITION pWeek_3 VALUES IN('2010-02-15', '2010-02-16', '2010-02-17',
        '2010-02-18', '2010-02-19', '2010-02-20', '2010-02-21'),
    PARTITION pWeek_4 VALUES IN('2010-02-22', '2010-02-23', '2010-02-24',
        '2010-02-25', '2010-02-26', '2010-02-27', '2010-02-28')
    );

这种方法是可行的,但定义和维护变得笨重，如果涉及日期数量增长非常大,在那种情况下,它通常更实际使用 RANGE 或 RANGE COLUMNS 分区代替。在这种情况下,因为我们希望使用分区键是一个[DATE][11.03.01]列,我们使用RANGE COLUMNS分区,如下所示:

    CREATE TABLE customers_3 (
    first_name VARCHAR(25),
    last_name VARCHAR(25),
    street_1 VARCHAR(30),
    street_2 VARCHAR(30),
    city VARCHAR(15),
    renewal DATE
    )
    PARTITION BY RANGE COLUMNS(renewal) (
    PARTITION pWeek_1 VALUES LESS THAN('2010-02-09'),
    PARTITION pWeek_2 VALUES LESS THAN('2010-02-15'),
    PARTITION pWeek_3 VALUES LESS THAN('2010-02-22'),
    PARTITION pWeek_4 VALUES LESS THAN('2010-03-01')
    );

更多信息见[Section 18.2.3.1, “RANGE COLUMNS partitioning”](./18.02.03_COLUMNS_partitioning.md#18.2.3.1)。　　　　

此外( 和RANGE COLUMNS分区一样), 在COLUMNS()子句中你可以使用多个列。　　　　

有关t PARTITION BY LIST COLUMNS() 语法的而外信息见[Section 13.1.17, “CREATE TABLE Syntax”][13.01.17]。




[11.02.01]:../Chapter_11/11.02.01_Integer_Types_(Exact_Value)_NTEGER,_INT,_SMALLINT,_TINYINT,_MEDIUMINT,_BIGINT.md
[11.02.02]:../Chapter_11/11.02.02_Fixed_Point_Types_(Exact_Value)_-_DECIMAL,_NUMERIC.md
[11.02.03]:../Chapter_11/11.02.03_Floating-Point_Types_(Approximate_Value)_-_FLOAT,_DOUBLE.md
[11.03.01]:../Chapter_11/11.03.01_The_DATE,_DATETIME,_and_TIMESTAMP_Types.md
[11.04.01]:../Chapter_11/11.04.01_The_CHAR_and_VARCHAR_Types.md
[11.04.02]:../Chapter_11/11.04.02_The_BINARY_and_VARBINARY_Types.md
[11.04.03]:../Chapter_11/11.04.03_The_BLOB_and_TEXT_Types.md
[20.14.00]:../Chapter_20/20.14.00_The_INFORMATION\_SCHEMA_PARTITIONS_Table.md
[13.02.10]:../Chapter_13/13.02.10_Subquery_Syntax.md#13.2.10.5
[13.02.09]:../Chapter_13/13.02.09_SELECT_Syntax.md
[13.01.17]:../Chapter_13/13.01.17_CREATE_TABLE_Syntax.md
[13.01.07]:../Chapter_13/13.01.07_ALTER_TABLE_Syntax.md#13.1.7.1
[10.01.00]:../Chapter_10/10.01.00_Character_Set_Support.md