#18.3.3.分区和子分区与表的交换

MySQL 5.6,使用 [ALTER TABLE ... EXCHANGE PARTITION][13.01.07]可以用一张表与分区表或子分区进行交换。把分区或子分区数据迁移到一张非分区表，或者把非分区表的行迁移到分区或子分区表。

这些操作必须具备下列条件:



- 这个将要交换的表必须不是分区,但必须与分区表有相同的表结构。
- 这个将要交换的表必须不是一个临时表。
- 存储在非分区表的任何行在交换之前必须位于分区或子分区定义的范围内。
- 这个表需要交换可能没有任何外键,也不可能有任何其他表的外键引用的这个表。
- 除了通常的ALTER TABLE语句需要[ALTER][06.02.01], [INSERT][06.02.01], 和 [CREATE][06.02.01]权限,您执行 [ALTER TABLE ... EXCHANGE PARTITION][13.01.07]必须有 [DROP][06.02.01]权限。

此外,你也应该了解[ALTER TABLE ... EXCHANGE PARTITION][13.01.07]下列影响:

- 执行该语句不调用分区表或交换表的任何触发器
- 交换表的AUTO_INCREMENT的列被重置。

 [ALTER TABLE ... EXCHANGE PARTITION][13.01.07]完整的语法如下所示,pt是分区表,p是要交换的分区或子分区,t是将与p交换的非分区表:

    ALTER TABLE pt 
      EXCHANGE PARTITION p 
      WITH TABLE t;

在一个[ALTER TABLE EXCHANGE PARTITION][13.01.07]语句中，一个且只有一个分区或子分区与一个且只有一个非分区表进行交换。交换多个分区或子分区,使用多个 [ALTER TABLE EXCHANGE PARTITION][13.01.07] 语句。EXCHANGE PARTITION可能不能结合[ALTER TABLE][13.01.07]的其他选项。用于分区表的分区和(如果适用)子分区的类型可以是MySQL 5.6支持的任何类型。

假设一个分区表e已经创建并使用以下SQL语句填充:

    CREATE TABLE e (
    id INT NOT NULL,
    fname VARCHAR(30),
    lname VARCHAR(30)
    )
    PARTITION BY RANGE (id) (
        PARTITION p0 VALUES LESS THAN (50),
        PARTITION p1 VALUES LESS THAN (100),
        PARTITION p2 VALUES LESS THAN (150),
        PARTITION p3 VALUES LESS THAN (MAXVALUE)
    );

    INSERT INTO e VALUES 
    (1669, "Jim", "Smith"),
    (337, "Mary", "Jones"),
    (16, "Frank", "White"),
    (2005, "Linda", "Black");

现在我们创建e一个非分区的副本命名e2。可以通过使用mysql客户端如下所示:

    mysql> CREATE TABLE e2 LIKE e;
    Query OK, 0 rows affected (1.34 sec)

    mysql> ALTER TABLE e2 REMOVE PARTITIONING;
    Query OK, 0 rows affected (0.90 sec)
    Records: 0  Duplicates: 0  Warnings: 0

 通过查询[INFORMATION_SCHEMA.PARTITIONS table][20.14.00],可以查看e表哪个分区包含行。如下:

    mysql> SELECT PARTITION_NAME, TABLE_ROWS
    ->     FROM INFORMATION_SCHEMA.PARTITIONS
    ->     WHERE TABLE_NAME = 'e';
    +----------------+------------+
    | PARTITION_NAME | TABLE_ROWS |
    +----------------+------------+
    | p0             |          1 |
    | p1             |          0 |
    | p2             |          0 |
    | p3             |          3 |
    +----------------+------------+
    4 rows in set (0.00 sec)

e表p0分区与表e2交换 ,您可以使用[ALTER table][13.01.07]语句所示:

    mysql> ALTER TABLE e EXCHANGE PARTITION p0 WITH TABLE e2;
    Query OK, 0 rows affected (0.28 sec)

更准确地说,刚刚发起语句导致该分区的任何行被交换到e2表。通过查询[INFORMATION_SCHEMA.PARTITIONS table][20.14.00]，你可以观察发生了什么。像以前一样，先前发现在分区p0的行不再出现:

    mysql> SELECT PARTITION_NAME, TABLE_ROWS
    ->     FROM INFORMATION_SCHEMA.PARTITIONS
    ->     WHERE TABLE_NAME = 'e';
    +----------------+------------+
    | PARTITION_NAME | TABLE_ROWS |
    +----------------+------------+
    | p0             |          0 |
    | p1             |          0 |
    | p2             |          0 |
    | p3             |          3 |
    +----------------+------------+
    4 rows in set (0.00 sec)

如果你查询表e2,您可以看到“失踪”一行在这可以找到:

    mysql> SELECT * FROM e2;
    +----+-------+-------+
    | id | fname | lname |
    +----+-------+-------+
    | 16 | Frank | White |
    +----+-------+-------+
    1 row in set (0.00 sec)

与分区交换这个表并不必须是空的。为了证明这一点,我们首先插入一个新行到e表,通过选择一个id列的值小于50，确保这行存储在p0分区,并通过查询[PARTITIONS][20.14.00]表来验证这点:

    mysql> INSERT INTO e VALUES (41, "Michael", "Green");              
    Query OK, 1 row affected (0.05 sec)                                

    mysql> SELECT PARTITION_NAME, TABLE_ROWS 
    ->     FROM INFORMATION_SCHEMA.PARTITIONS 
    ->     WHERE TABLE_NAME = 'e';              
    +----------------+------------+               
    | PARTITION_NAME | TABLE_ROWS |               
    +----------------+------------+               
    | p0             |          1 |               
    | p1             |          0 |               
    | p2             |          0 |               
    | p3             |          3 |               
    +----------------+------------+               
    4 rows in set (0.00 sec)   
现在我们再次用e2表与p0分区交换，使用之前相同的[ALTER table][13.01.07]语句:

    mysql> ALTER TABLE e EXCHANGE PARTITION p0 WITH TABLE e2;
    Query OK, 0 rows affected (0.28 sec)
下面的查询的输出显示被存储在p0分区的行与之前被存储在e2表的行已经交换了地方:

    mysql> SELECT * FROM e;
    +------+-------+-------+
    | id   | fname | lname |
    +------+-------+-------+
    |   16 | Frank | White |
    | 1669 | Jim   | Smith |
    |  337 | Mary  | Jones |
    | 2005 | Linda | Black |
    +------+-------+-------+
    4 rows in set (0.00 sec)

    mysql> SELECT PARTITION_NAME, TABLE_ROWS
    ->     FROM INFORMATION_SCHEMA.PARTITIONS
    ->     WHERE TABLE_NAME = 'e';
    +----------------+------------+
    | PARTITION_NAME | TABLE_ROWS |
    +----------------+------------+
    | p0             |          1 |
    | p1             |          0 |
    | p2             |          0 |
    | p3             |          3 |
    +----------------+------------+
    4 rows in set (0.00 sec)

    mysql> SELECT * FROM e2;
    +----+---------+-------+
    | id | fname   | lname |
    +----+---------+-------+
    | 41 | Michael | Green |
    +----+---------+-------+
    1 row in set (0.00 sec)

你应该记住, 之前发起[ALTER TABLE ... EXCHANGE PARTITION][13.01.07]语句发现在非分区表的任何行必须满足存储在目标分区所要求的任何条件;否则,语句失败。看看这发生,首先插入行到e2表,该行不能存储在e表p0分区，因为它的 id列的值太大,然后,试着表与分区进行交换:

    mysql> INSERT INTO e2 VALUES (51, "Ellen", "McDonald");
    Query OK, 1 row affected (0.08 sec)

    mysql> ALTER TABLE e EXCHANGE PARTITION p0 WITH TABLE e2;
    ERROR 1707 (HY000): Found row that does not match the partition

IGNORE关键字是可以接受的,但在EXCHANGE PARTITION不起作用,如下所示:

    mysql> ALTER IGNORE TABLE e EXCHANGE PARTITION p0 WITH TABLE e2;
    ERROR 1707 (HY000): Found row that does not match the partition

你也可以通过 [ALTER TABLE ... EXCHANGE PARTITION][13.01.07]语句把子分区表的子分区(见[Section 18.2.6, “Subpartitioning”](./18.02.06_Subpartitioning.md))与一个非分区表进行交换。在接下来的例子中,我们首先创建一个RANGE分区，并且KEY子分区的es表,和表e一样填充此表,是表e,然后创建一个空的副本,非分区表es2,如下所示:

    mysql> CREATE TABLE es (
    ->     id INT NOT NULL,
    ->     fname VARCHAR(30),
    ->     lname VARCHAR(30)
    -> )
    ->     PARTITION BY RANGE (id)
    ->     SUBPARTITION BY KEY (lname)
    ->     SUBPARTITIONS 2 (
    ->         PARTITION p0 VALUES LESS THAN (50),
    ->         PARTITION p1 VALUES LESS THAN (100),
    ->         PARTITION p2 VALUES LESS THAN (150),
    ->         PARTITION p3 VALUES LESS THAN (MAXVALUE)
    ->     );
    Query OK, 0 rows affected (2.76 sec)

    mysql> INSERT INTO es VALUES
    ->     (1669, "Jim", "Smith"),
    ->     (337, "Mary", "Jones"),
    ->     (16, "Frank", "White"),
    ->     (2005, "Linda", "Black");
    Query OK, 4 rows affected (0.04 sec)
    Records: 4  Duplicates: 0  Warnings: 0

    mysql> CREATE TABLE es2 LIKE es;
    Query OK, 0 rows affected (1.27 sec)

    mysql> ALTER TABLE es2 REMOVE PARTITIONING;
    Query OK, 0 rows affected (0.70 sec)
    Records: 0  Duplicates: 0  Warnings: 0

虽然我们在创建es表时，没有明确指定任何子分区的名字,我们可以通过INFORMATION_SCHEMA中的 [PARTITIONS][20.14.00] 表获得该表的生产子分区的名称,如下所示:

    mysql> SELECT PARTITION_NAME, SUBPARTITION_NAME, TABLE_ROWS
    ->     FROM INFORMATION_SCHEMA.PARTITIONS
    ->     WHERE TABLE_NAME = 'es';
    +----------------+-------------------+------------+
    | PARTITION_NAME | SUBPARTITION_NAME | TABLE_ROWS |
    +----------------+-------------------+------------+
    | p0             | p0sp0             |          1 |
    | p0             | p0sp1             |          0 |
    | p1             | p1sp0             |          0 |
    | p1             | p1sp1             |          0 |
    | p2             | p2sp0             |          0 |
    | p2             | p2sp1             |          0 |
    | p3             | p3sp0             |          3 |
    | p3             | p3sp1             |          0 |
    +----------------+-------------------+------------+
    8 rows in set (0.00 sec)

以下[ALTER TABLE][13.01.07]语句就是表es的子分区p3sp0与非分区表es2进行交换:

    mysql> ALTER TABLE es EXCHANGE PARTITION p3sp0 WITH TABLE es2;
    Query OK, 0 rows affected (0.29 sec)

你可以通过以下查询验证行交换:

    mysql> SELECT PARTITION_NAME, SUBPARTITION_NAME, TABLE_ROWS
    ->     FROM INFORMATION_SCHEMA.PARTITIONS
    ->     WHERE TABLE_NAME = 'es';
    +----------------+-------------------+------------+
    | PARTITION_NAME | SUBPARTITION_NAME | TABLE_ROWS |
    +----------------+-------------------+------------+
    | p0             | p0sp0             |          1 |
    | p0             | p0sp1             |          0 |
    | p1             | p1sp0             |          0 |
    | p1             | p1sp1             |          0 |
    | p2             | p2sp0             |          0 |
    | p2             | p2sp1             |          0 |
    | p3             | p3sp0             |          0 |
    | p3             | p3sp1             |          0 |
    +----------------+-------------------+------------+
    8 rows in set (0.00 sec)

    mysql> SELECT * FROM es2;
    +------+-------+-------+
    | id   | fname | lname |
    +------+-------+-------+
    | 1669 | Jim   | Smith |
    |  337 | Mary  | Jones |
    | 2005 | Linda | Black |
    +------+-------+-------+
    3 rows in set (0.00 sec)

如果是一个子分区表,你可以只交换表的一个子分区而不是一个分区,如下所示:

    mysql> ALTER TABLE es EXCHANGE PARTITION p3 WITH TABLE es2;
    ERROR 1704 (HY000): Subpartitioned table, use subpartition instead of partition

比较MySQL使用的表结构是非常严格的。分区表的列的数量、顺序、名称和类型和索引要和非分区表必须完全匹配。此外,两个表必须使用相同的存储引擎:

    mysql> CREATE TABLE es3 LIKE e;
    Query OK, 0 rows affected (1.31 sec)

    mysql> ALTER TABLE es3 REMOVE PARTITIONING;
    Query OK, 0 rows affected (0.53 sec)
    Records: 0  Duplicates: 0  Warnings: 0

    mysql> SHOW CREATE TABLE es3\G
    *************************** 1. row ***************************
       Table: es3
     Create Table: CREATE TABLE `es3` (
     `id` int(11) NOT NULL,
     `fname` varchar(30) DEFAULT NULL,
      `lname` varchar(30) DEFAULT NULL
     ) ENGINE=InnoDB DEFAULT CHARSET=latin1
    1 row in set (0.00 sec)

    mysql> ALTER TABLE es3 ENGINE = MyISAM;
    Query OK, 0 rows affected (0.15 sec)
    Records: 0  Duplicates: 0  Warnings: 0

    mysql> ALTER TABLE es EXCHANGE PARTITION p3sp0 WITH TABLE es3;
    ERROR 1497 (HY000): The mix of handlers in the partitions is not allowed in this versio


[13.01.07]:../Chapter_13/13.01.07_ALTER_TABLE_Syntax.md
[06.02.01]:../Chapter_06/06.02.01_Privileges_Provided_by_MySQL.md
[20.14.00]:../Chapter_20/20.14.00_The_INFORMATION\_SCHEMA_PARTITIONS_Table.md