#18.2.2. LIST分区
MySQL中的列表分区在许多方面类似于范围分区。如RAGNE分区,每个分区必须显式定义的。这两种类型的分区的主要区别:LIST分区基于列值属于一组列值的成员,而不是在一组连续范围的值。这是通过使用PARTITION BY LIST(expr)，expr是一个列值或基于列值并返回一个整数值的表达式,然后通过VALUES IN (value_list)定义每个分区, value_list 是一个以逗号分隔的整数。

>注意
　MySQL 5.6,它只可能匹配一个整数列表(可能还有null ,见[Section 18.2.7, “How MySQL Partitioning Handles NULL”](./18.02.07_How_MySQL_Partitioning_Handles_NULL.md))当分区列表。　　　　
 
>然而,当使用 LIST COLUMN 分区，其他列类型的值可以在列表中,在本节的后面会描述。

与范围分区不同,列表分区不需要以任何特定的顺序声明。对于更详细的语法信息,见 [Section 13.1.17, “CREATE TABLE Syntax”][13.01.17]。　　　　

对于下面的例子中,我们假设将要分区表的基本信息如下所示:

    CREATE TABLE employees (
    id INT NOT NULL,
    fname VARCHAR(30),
    lname VARCHAR(30),
    hired DATE NOT NULL DEFAULT '1970-01-01',
    separated DATE NOT NULL DEFAULT '9999-12-31',
    job_code INT,
    store_id INT
    );

（这使用 [Section 18.2.1, “RANGE Partitioning”](./18.02.01_RANGE_Partitioning.md)事例中的同样的表。) 　　　　

假设有20个音像店，分布在4有经销权的地区，如下表所示。

    Region	Store ID Numbers
    North	3, 5, 6, 9, 17
    East	1, 2, 10, 11, 19, 20
    West	4, 12, 13, 14, 18
    Central	7, 8, 15, 16

要按照属于同一个地区商店的行保存在同一个分区中的方式来分割表，可以使用下面的“CREATE TABLE”语句：
    
    CREATE TABLE employees (
    id INT NOT NULL,
    fname VARCHAR(30),
    lname VARCHAR(30),
    hired DATE NOT NULL DEFAULT '1970-01-01',
    separated DATE NOT NULL DEFAULT '9999-12-31',
    job_code INT,
    store_id INT
    )
    PARTITION BY LIST(store_id) (
    PARTITION pNorth VALUES IN (3,5,6,9,17),
    PARTITION pEast VALUES IN (1,2,10,11,19,20),
    PARTITION pWest VALUES IN (4,12,13,14,18),
    PARTITION pCentral VALUES IN (7,8,15,16)
    );

这使得在表中增加或删除指定地区的雇员记录变得容易起来。例如，假定西区的所有音像店都卖给了其他公司。那么删除在西区音像店工作雇员相关的所有记录（行），MySQL 5.6可以使用查询 ALTER TABLE employees TRUNCATE PARTITION pWest”，它与具有同样作用的[DELETE][13.02.02] （删除）查询“DELETE query DELETE FROM employees WHERE store_id IN (4,12,13,14,18)；”比起来，要有效得多。(使用 ALTER TABLE employees DROP PARTITION pWest 也可以删除行，但也会从表中删除 pWest 分区；你将需要使用ALTER TABLE ... ADD PARTITION 语句恢复原先分区表) 

与范围分区一样,hash和key 分区可以结合LIST分区形成复合分区(subpartitioning)。见 [Section 18.2.6, “Subpartitioning”](./18.02.06_Subpartitioning.md)。　　　　

与范围分区不同的情况,没有 “catch-all” 如MAXVALUE;分区表达式的所有预期值应该覆盖在PARTITION ... VALUES IN (...)子句。一个[INSERT][13.02.05]语句插入一个与分区列值不匹配的行，将因错误而失败,如本例中所示:

    mysql> CREATE TABLE h2 (
    ->   c1 INT,
    ->   c2 INT
    -> )
    -> PARTITION BY LIST(c1) (
    ->   PARTITION p0 VALUES IN (1, 4, 7),
    ->   PARTITION p1 VALUES IN (2, 5, 8)
    -> );
    Query OK, 0 rows affected (0.11 sec)

    mysql> INSERT INTO h2 VALUES (3, 5);
    ERROR 1525 (HY000): Table has no partition for value 3

当一个插入语句中插入多行用,与分区列值不匹配行的任何前面的行被插入,但后面的行不被插入:
   
    mysql> SELECT * FROM h2;
    Empty set (0.00 sec)

    mysql> INSERT INTO h2 VALUES (4, 7), (3, 5), (6, 0);
    ERROR 1525 (HY000): Table has no partition for value 3
    mysql> SELECT * FROM h2;
    +------+------+
    | c1   | c2   |
    +------+------+
    |    4 |    7 |
    +------+------+
    1 row in set (0.00 sec)

你可以通过IGNORE关键字忽略导致这种类型的错误。如果你这样做,与分区列值不匹配的行不插入,但任何匹配值的行被插入,并没有错误的报告:

    mysql> TRUNCATE h2;
    Query OK, 1 row affected (0.00 sec)

    mysql> SELECT * FROM h2;
    Empty set (0.00 sec)

    mysql> INSERT IGNORE INTO h2 VALUES (2, 5), (6, 10), (7, 5), (3, 1), (1, 9);
    Query OK, 3 rows affected (0.00 sec)
    Records: 5  Duplicates: 2  Warnings: 0

    mysql> SELECT * FROM h2;
    +------+------+
    | c1   | c2   |
    +------+------+
    |    7 |    5 |
    |    1 |    9 |
    |    2 |    5 |
    +------+------+
    3 rows in set (0.00 sec)

MySQL 5.6 支持LIST COLUMNS分区。这是一个列表分区的变体,您能够使用其他非整型的的列分区,以及使用多个列作为分区键。有关更多信息,见 [Section 18.2.3.2, “LIST COLUMNS partitioning”](./18.02.03_COLUMNS_partitioning.md#18.2.3.2)。

[13.01.17]:../Chapter_13/13.01.17_CREATE_TABLE_Syntax.md
[13.02.02]:../Chapter_13/13.02.02_DELETE_Syntax.md
[13.02.05]:../Chapter_13/13.02.05_INSERT_Syntax.md